{
  "project_info": {
    "project_number": "318886018027",
    "project_id": "eproject-7a160",
    "storage_bucket": "eproject-7a160.appspot.com"
  },
  "client": [
    {
      "client_info": {
        "mobilesdk_app_id": "1:318886018027:android:57b07daaebd13f114cb7ae",
        "android_client_info": {
          "package_name": "com.scraps.scrapcollector"
        }
      },
      "oauth_client": [
        {
          "client_id": "318886018027-589mv1ii6fjc3gj92apifpunfdqvdgsl.apps.googleusercontent.com",
          "client_type": 3
        }
      ],
      "api_key": [
        {
          "current_key": "AIzaSyCIrzVbL9_EBWW7phAX9TAJUjzwaUCi88o"
        }
      ],
      "services": {
        "appinvite_service": {
          "other_platform_oauth_client": [
            {
              "client_id": "318886018027-589mv1ii6fjc3gj92apifpunfdqvdgsl.apps.googleusercontent.com",
              "client_type": 3
            }
          ]
        }
      }
    }
  ],
  "configuration_version": "1"
}